{"stats":{"minecraft:mined":{"minecraft:crafting_table":1,"minecraft:short_grass":1,"minecraft:grass_block":25,"minecraft:copper_ore":19,"minecraft:oak_planks":8,"minecraft:diorite":18,"minecraft:iron_ore":25,"minecraft:andesite":3,"minecraft:pumpkin":1,"minecraft:oak_log":40,"minecraft:coal_ore":130,"minecraft:rail":7,"minecraft:sand":12,"minecraft:dirt":251,"minecraft:cobweb":69,"minecraft:stone":140,"minecraft:white_tulip":2,"minecraft:oak_leaves":8},"minecraft:killed":{"minecraft:creeper":1,"minecraft:zombie":2},"minecraft:broken":{"minecraft:stone_pickaxe":2,"minecraft:stone_sword":1,"minecraft:stone_shovel":2,"minecraft:wooden_pickaxe":1},"minecraft:crafted":{"minecraft:wooden_sword":1,"minecraft:oak_planks":96,"minecraft:wooden_shovel":1,"minecraft:stone_shovel":3,"minecraft:fishing_rod":1,"minecraft:crafting_table":2,"minecraft:wooden_pickaxe":1,"minecraft:furnace":1,"minecraft:stone_axe":1,"minecraft:wooden_hoe":1,"minecraft:stick":64,"minecraft:stone_pickaxe":3,"minecraft:wooden_axe":1,"minecraft:stone_sword":3,"minecraft:stone_hoe":1},"minecraft:picked_up":{"minecraft:wooden_axe":1,"minecraft:fishing_rod":1,"minecraft:crafting_table":1,"minecraft:andesite":4,"minecraft:oak_log":55,"minecraft:gunpowder":4,"minecraft:wooden_hoe":1,"minecraft:dirt":540,"minecraft:string":149,"minecraft:raw_copper":88,"minecraft:wooden_sword":1,"minecraft:white_tulip":6,"minecraft:stone_pickaxe":3,"minecraft:wooden_shovel":1,"minecraft:birch_sapling":2,"minecraft:oak_planks":12,"minecraft:stone_hoe":1,"minecraft:stick":32,"minecraft:raw_iron":26,"minecraft:pumpkin":2,"minecraft:oak_fence":8,"minecraft:sand":24,"minecraft:diorite":18,"minecraft:stone_sword":2,"minecraft:stone_shovel":2,"minecraft:rotten_flesh":6,"minecraft:cooked_cod":16,"minecraft:stone_axe":1,"minecraft:oak_sapling":6,"minecraft:coal":142,"minecraft:rail":7,"minecraft:cobblestone":224,"minecraft:sunflower":2},"minecraft:custom":{"minecraft:mob_kills":3,"minecraft:interact_with_crafting_table":8,"minecraft:leave_game":1,"minecraft:time_since_death":6517,"minecraft:time_since_rest":9570,"minecraft:sprint_one_cm":187915,"minecraft:damage_taken":925,"minecraft:walk_one_cm":258345,"minecraft:drop":7,"minecraft:damage_dealt":598,"minecraft:swim_one_cm":13296,"minecraft:fly_one_cm":37050,"minecraft:open_chest":1,"minecraft:crouch_one_cm":773,"minecraft:play_time":79280,"minecraft:deaths":2,"minecraft:sneak_time":295,"minecraft:walk_under_water_one_cm":6345,"minecraft:jump":506,"minecraft:walk_on_water_one_cm":7030,"minecraft:total_world_time":79280,"minecraft:fall_one_cm":8903},"minecraft:used":{"minecraft:stone_sword":94,"minecraft:stone_shovel":283,"minecraft:stone_pickaxe":284,"minecraft:wooden_pickaxe":59,"minecraft:dirt":12,"minecraft:crafting_table":3,"minecraft:wooden_axe":22,"minecraft:string":5,"minecraft:stone_axe":8,"minecraft:furnace":1,"minecraft:cooked_cod":10},"minecraft:killed_by":{"minecraft:skeleton":1,"minecraft:zombie":1},"minecraft:dropped":{"minecraft:oak_log":1,"minecraft:stone_shovel":1,"minecraft:oak_fence":4,"minecraft:cobblestone":21,"minecraft:cooked_cod":1,"minecraft:oak_sapling":2,"minecraft:stone_pickaxe":1}},"DataVersion":3953}