{"stats":{"minecraft:mined":{"minecraft:short_grass":1,"minecraft:grass_block":9,"minecraft:dirt":2},"minecraft:picked_up":{"minecraft:dirt":11},"minecraft:custom":{"minecraft:jump":35,"minecraft:time_since_rest":15252,"minecraft:sprint_one_cm":3848,"minecraft:leave_game":3,"minecraft:play_time":15252,"minecraft:time_since_death":15252,"minecraft:walk_one_cm":4522,"minecraft:total_world_time":15252,"minecraft:fall_one_cm":418,"minecraft:fly_one_cm":3838},"minecraft:used":{"minecraft:dirt":2}},"DataVersion":3953}