{"stats":{"minecraft:mined":{"minecraft:grass_block":12,"minecraft:dirt":1},"minecraft:picked_up":{"minecraft:dirt":13},"minecraft:custom":{"minecraft:jump":81,"minecraft:open_chest":3,"minecraft:time_since_rest":5301,"minecraft:leave_game":1,"minecraft:sprint_one_cm":9040,"minecraft:play_time":5301,"minecraft:time_since_death":5301,"minecraft:walk_one_cm":17056,"minecraft:total_world_time":5301,"minecraft:fall_one_cm":1521,"minecraft:fly_one_cm":8467},"minecraft:used":{"minecraft:dirt":1}},"DataVersion":3953}