{"stats":{"minecraft:mined":{"minecraft:short_grass":1,"minecraft:grass_block":9,"minecraft:dirt":2},"minecraft:picked_up":{"minecraft:dirt":11},"minecraft:custom":{"minecraft:jump":51,"minecraft:open_chest":1,"minecraft:time_since_rest":23253,"minecraft:leave_game":4,"minecraft:play_time":23253,"minecraft:sprint_one_cm":3848,"minecraft:damage_taken":160,"minecraft:time_since_death":23253,"minecraft:walk_one_cm":4589,"minecraft:total_world_time":23253,"minecraft:fall_one_cm":418,"minecraft:fly_one_cm":3967},"minecraft:used":{"minecraft:dirt":4}},"DataVersion":3953}