{"stats":{"minecraft:custom":{"minecraft:time_since_rest":29562,"minecraft:sprint_one_cm":164218,"minecraft:interact_with_furnace":3,"minecraft:damage_taken":1527,"minecraft:walk_one_cm":244343,"minecraft:mob_kills":8,"minecraft:drop":3,"minecraft:damage_dealt":804,"minecraft:swim_one_cm":2937,"minecraft:interact_with_crafting_table":18,"minecraft:fly_one_cm":306861,"minecraft:open_chest":2,"minecraft:play_time":95288,"minecraft:deaths":5,"minecraft:sneak_time":1,"minecraft:walk_under_water_one_cm":5728,"minecraft:jump":1200,"minecraft:leave_game":7,"minecraft:time_since_death":29534,"minecraft:walk_on_water_one_cm":11312,"minecraft:total_world_time":95288,"minecraft:fall_one_cm":17686},"minecraft:killed":{"minecraft:sheep":1,"minecraft:pig":1,"minecraft:chicken":1,"minecraft:cow":5},"minecraft:crafted":{"minecraft:cooked_beef":6,"minecraft:oak_planks":208,"minecraft:crafting_table":3,"minecraft:stick":24,"minecraft:wooden_pickaxe":3,"minecraft:stone_pickaxe":4,"minecraft:chest":1,"minecraft:furnace":1,"minecraft:torch":8,"minecraft:stone_axe":2,"minecraft:air":0},"minecraft:broken":{"minecraft:wooden_pickaxe":1},"minecraft:used":{"minecraft:oak_log":3,"minecraft:stone_pickaxe":35,"minecraft:oak_planks":3,"minecraft:chest":1,"minecraft:wooden_pickaxe":127,"minecraft:rotten_flesh":5,"minecraft:stone_axe":59,"minecraft:mutton":2,"minecraft:crafting_table":5,"minecraft:furnace":1,"minecraft:crafter":2,"minecraft:cooked_beef":2},"minecraft:picked_up":{"minecraft:birch_log":1,"minecraft:stick":1,"minecraft:crafting_table":4,"minecraft:azure_bluet":1,"minecraft:feather":2,"minecraft:chicken":1,"minecraft:leather":8,"minecraft:porkchop":3,"minecraft:oak_log":79,"minecraft:dirt":7,"minecraft:rotten_flesh":5,"minecraft:wheat_seeds":3,"minecraft:beef":12,"minecraft:stone_pickaxe":1,"minecraft:sugar_cane":11,"minecraft:mutton":2,"minecraft:oak_planks":12,"minecraft:coal":90,"minecraft:white_wool":1,"minecraft:cobblestone":88},"minecraft:mined":{"minecraft:seagrass":2,"minecraft:birch_log":1,"minecraft:birch_leaves":3,"minecraft:powder_snow":5,"minecraft:crafting_table":3,"minecraft:short_grass":5,"minecraft:grass_block":4,"minecraft:oak_log":79,"minecraft:coal_ore":90,"minecraft:dirt":2,"minecraft:tall_grass":1,"minecraft:stone":71,"minecraft:oak_planks":3,"minecraft:sugar_cane":3,"minecraft:oak_leaves":20},"minecraft:killed_by":{"minecraft:skeleton":2,"minecraft:creeper":1,"minecraft:zombie":1},"minecraft:dropped":{"minecraft:wheat_seeds":2,"minecraft:azure_bluet":1}},"DataVersion":3953}