{"stats":{"minecraft:mined":{"minecraft:powder_snow":1,"minecraft:crafting_table":1,"minecraft:short_grass":168,"minecraft:grass_block":120,"minecraft:tall_grass":7,"minecraft:spruce_leaves":4,"minecraft:iron_ore":24,"minecraft:spruce_log":253,"minecraft:azure_bluet":1,"minecraft:oak_log":22,"minecraft:coal_ore":51,"minecraft:dirt":5,"minecraft:stone":46},"minecraft:killed":{"minecraft:pig":18,"minecraft:salmon":2,"minecraft:rabbit":1,"minecraft:spider":1,"minecraft:skeleton":4,"minecraft:horse":1,"minecraft:sheep":8,"minecraft:zombie":2,"minecraft:donkey":1,"minecraft:cow":3},"minecraft:crafted":{"minecraft:cooked_beef":4,"minecraft:oak_planks":72,"minecraft:cooked_porkchop":23,"minecraft:crafting_table":1,"minecraft:wooden_pickaxe":1,"minecraft:iron_helmet":1,"minecraft:iron_sword":1,"minecraft:furnace":2,"minecraft:bucket":1,"minecraft:bone_meal":12,"minecraft:stone_axe":1,"minecraft:cooked_mutton":10,"minecraft:air":0,"minecraft:bow":1,"minecraft:iron_boots":1,"minecraft:iron_chestplate":1,"minecraft:shield":1,"minecraft:iron_axe":1,"minecraft:stick":12,"minecraft:iron_ingot":13,"minecraft:iron_pickaxe":1,"minecraft:stone_pickaxe":1,"minecraft:stone_sword":1,"minecraft:chest":2,"minecraft:iron_shovel":1,"minecraft:iron_leggings":1,"minecraft:white_bed":1,"minecraft:torch":32,"minecraft:smoker":1},"minecraft:picked_up":{"minecraft:crafting_table":1,"minecraft:azure_bluet":1,"minecraft:salmon":2,"minecraft:brown_wool":1,"minecraft:leather":4,"minecraft:oak_log":22,"minecraft:string":4,"minecraft:dirt":150,"minecraft:iron_shovel":1,"minecraft:bone":7,"minecraft:wheat_seeds":29,"minecraft:beef":4,"minecraft:light_gray_wool":2,"minecraft:rabbit":1,"minecraft:egg":1,"minecraft:stick":13,"minecraft:raw_iron":24,"minecraft:dripstone_block":2,"minecraft:torch":1,"minecraft:porkchop":36,"minecraft:spruce_sapling":23,"minecraft:pointed_dripstone":2,"minecraft:spruce_log":249,"minecraft:arrow":13,"minecraft:rotten_flesh":10,"minecraft:cooked_cod":25,"minecraft:mutton":12,"minecraft:coal":52,"minecraft:white_wool":5,"minecraft:cobblestone":50},"minecraft:custom":{"minecraft:interact_with_furnace":8,"minecraft:mob_kills":42,"minecraft:interact_with_crafting_table":23,"minecraft:leave_game":5,"minecraft:time_since_death":99533,"minecraft:sleep_in_bed":1,"minecraft:time_since_rest":39520,"minecraft:sprint_one_cm":173758,"minecraft:damage_taken":1996,"minecraft:walk_one_cm":251029,"minecraft:damage_blocked_by_shield":750,"minecraft:drop":1,"minecraft:damage_dealt":4898,"minecraft:swim_one_cm":15065,"minecraft:fly_one_cm":424173,"minecraft:open_chest":17,"minecraft:crouch_one_cm":831,"minecraft:play_time":99533,"minecraft:sneak_time":778,"minecraft:walk_under_water_one_cm":18739,"minecraft:jump":2723,"minecraft:walk_on_water_one_cm":26409,"minecraft:interact_with_smoker":11,"minecraft:total_world_time":99533,"minecraft:fall_one_cm":76308},"minecraft:used":{"minecraft:stone_sword":26,"minecraft:iron_shovel":118,"minecraft:stone_pickaxe":52,"minecraft:wooden_pickaxe":8,"minecraft:chest":2,"minecraft:shield":13,"minecraft:iron_sword":113,"minecraft:salmon":1,"minecraft:torch":28,"minecraft:dirt":88,"minecraft:crafting_table":2,"minecraft:white_bed":1,"minecraft:spruce_log":14,"minecraft:smoker":1,"minecraft:iron_axe":206,"minecraft:iron_pickaxe":61,"minecraft:spruce_sapling":8,"minecraft:stone_axe":82,"minecraft:bow":12,"minecraft:cooked_porkchop":15,"minecraft:furnace":1,"minecraft:cooked_cod":18,"minecraft:bucket":1,"minecraft:bone_meal":12},"minecraft:dropped":{"minecraft:iron_shovel":1}},"DataVersion":3953}