{"stats":{"minecraft:used":{"minecraft:stone_pickaxe":294,"minecraft:chest":1,"minecraft:wooden_pickaxe":59,"minecraft:cooked_salmon":6,"minecraft:cooked_chicken":4,"minecraft:torch":7,"minecraft:crafting_table":5,"minecraft:stone_axe":62,"minecraft:fishing_rod":77,"minecraft:cobblestone":18,"minecraft:furnace":2,"minecraft:cooked_cod":2,"minecraft:cooked_beef":2},"minecraft:picked_up":{"minecraft:nautilus_shell":1,"minecraft:fishing_rod":2,"minecraft:crafting_table":3,"minecraft:feather":4,"minecraft:chicken":4,"minecraft:salmon":18,"minecraft:leather":4,"minecraft:enchanted_book":2,"minecraft:oak_log":24,"minecraft:lily_pad":2,"minecraft:dirt":3,"minecraft:string":11,"minecraft:cooked_salmon":7,"minecraft:pufferfish":12,"minecraft:bone":4,"minecraft:wheat_seeds":2,"minecraft:beef":2,"minecraft:stone_pickaxe":1,"minecraft:oak_planks":55,"minecraft:iron_sword":1,"minecraft:egg":2,"minecraft:furnace":1,"minecraft:stick":1,"minecraft:raw_iron":17,"minecraft:torch":85,"minecraft:bowl":1,"minecraft:arrow":4,"minecraft:rotten_flesh":5,"minecraft:stone_axe":1,"minecraft:bone_meal":4,"minecraft:cod":49,"minecraft:coal":113,"minecraft:cobblestone":378},"minecraft:dropped":{"minecraft:rotten_flesh":1,"minecraft:dirt":3},"minecraft:killed":{"minecraft:salmon":7,"minecraft:spider":3,"minecraft:cod":11,"minecraft:zombie":6,"minecraft:chicken":4,"minecraft:cow":2},"minecraft:custom":{"minecraft:interact_with_furnace":30,"minecraft:mob_kills":34,"minecraft:interact_with_crafting_table":20,"minecraft:leave_game":4,"minecraft:time_since_death":15281,"minecraft:time_since_rest":15337,"minecraft:sprint_one_cm":170787,"minecraft:damage_taken":1000,"minecraft:walk_one_cm":245577,"minecraft:drop":4,"minecraft:damage_dealt":2704,"minecraft:swim_one_cm":15876,"minecraft:fly_one_cm":72682,"minecraft:open_chest":10,"minecraft:crouch_one_cm":35,"minecraft:play_time":86345,"minecraft:deaths":1,"minecraft:sneak_time":49,"minecraft:walk_under_water_one_cm":10532,"minecraft:jump":774,"minecraft:walk_on_water_one_cm":10235,"minecraft:total_world_time":86345,"minecraft:fish_caught":59,"minecraft:fall_one_cm":12179},"minecraft:mined":{"minecraft:crafting_table":3,"minecraft:short_grass":3,"minecraft:grass_block":5,"minecraft:cobblestone":5,"minecraft:furnace":1,"minecraft:iron_ore":17,"minecraft:oak_log":24,"minecraft:coal_ore":95,"minecraft:gravel":1,"minecraft:stone":235,"minecraft:oak_leaves":5},"minecraft:killed_by":{"minecraft:zombie":1},"minecraft:crafted":{"minecraft:cooked_beef":2,"minecraft:cooked_cod":28,"minecraft:oak_planks":96,"minecraft:fishing_rod":1,"minecraft:crafting_table":2,"minecraft:wooden_pickaxe":1,"minecraft:cooked_chicken":4,"minecraft:furnace":1,"minecraft:cooked_salmon":11,"minecraft:stone_axe":1,"minecraft:air":0,"minecraft:shield":1,"minecraft:stick":44,"minecraft:iron_ingot":17,"minecraft:stone_pickaxe":3,"minecraft:chest":1,"minecraft:torch":92},"minecraft:broken":{"minecraft:stone_pickaxe":2,"minecraft:wooden_pickaxe":1}},"DataVersion":3953}