{"stats":{"minecraft:mined":{"minecraft:deepslate_redstone_ore":12,"minecraft:tuff":1,"minecraft:deepslate_diamond_ore":26,"minecraft:sculk_vein":13,"minecraft:oak_fence":4,"minecraft:glow_lichen":2,"minecraft:emerald_ore":2,"minecraft:grass_block":1,"minecraft:copper_ore":2,"minecraft:cobblestone":9,"minecraft:oak_planks":3,"minecraft:birch_log":7,"minecraft:iron_ore":91,"minecraft:andesite":1,"minecraft:rail":1,"minecraft:coal_ore":185,"minecraft:deepslate_iron_ore":14,"minecraft:sunflower":1,"minecraft:cobweb":90,"minecraft:cracked_stone_bricks":1,"minecraft:stone":118,"minecraft:gold_ore":1,"minecraft:oak_leaves":1,"minecraft:tripwire":5,"minecraft:infested_stone":1,"minecraft:deepslate":23},"minecraft:broken":{"minecraft:shield":1},"minecraft:killed":{"minecraft:cave_spider":5,"minecraft:pig":4,"minecraft:witch":1,"minecraft:zombie_villager":1,"minecraft:spider":3,"minecraft:bat":1,"minecraft:creeper":1,"minecraft:phantom":1,"minecraft:skeleton":9,"minecraft:zombie":18,"minecraft:silverfish":1,"minecraft:chicken":1,"minecraft:drowned":1},"minecraft:crafted":{"minecraft:oak_door":3,"minecraft:cooked_cod":155,"minecraft:diamond_sword":1,"minecraft:diamond_axe":1,"minecraft:crafting_table":1,"minecraft:iron_helmet":1,"minecraft:furnace":1,"minecraft:cooked_salmon":12,"minecraft:birch_planks":28,"minecraft:air":0,"minecraft:iron_boots":1,"minecraft:iron_chestplate":1,"minecraft:diamond_pickaxe":1,"minecraft:shield":2,"minecraft:iron_axe":1,"minecraft:stick":108,"minecraft:iron_ingot":111,"minecraft:iron_pickaxe":1,"minecraft:iron_block":3,"minecraft:iron_leggings":1,"minecraft:anvil":1,"minecraft:torch":188},"minecraft:picked_up":{"minecraft:nautilus_shell":4,"minecraft:birch_log":7,"minecraft:fishing_rod":6,"minecraft:iron_chestplate":1,"minecraft:feather":3,"minecraft:chicken":1,"minecraft:tripwire_hook":1,"minecraft:salmon":126,"minecraft:potion":3,"minecraft:enchanted_book":5,"minecraft:lily_pad":4,"minecraft:shield":3,"minecraft:gunpowder":10,"minecraft:iron_leggings":1,"minecraft:dirt":1,"minecraft:string":81,"minecraft:iron_axe":1,"minecraft:cooked_salmon":4,"minecraft:name_tag":2,"minecraft:leather_boots":2,"minecraft:pufferfish":66,"minecraft:bone":26,"minecraft:bow":7,"minecraft:cobbled_deepslate":32,"minecraft:raw_gold":2,"minecraft:iron_ingot":41,"minecraft:iron_pickaxe":1,"minecraft:oak_planks":146,"minecraft:iron_boots":1,"minecraft:egg":2,"minecraft:stick":58,"minecraft:raw_iron":142,"minecraft:torch":302,"minecraft:bowl":3,"minecraft:porkchop":12,"minecraft:redstone":118,"minecraft:spider_eye":4,"minecraft:stone_shovel":1,"minecraft:sugar":4,"minecraft:arrow":26,"minecraft:rotten_flesh":27,"minecraft:cooked_cod":84,"minecraft:diamond":48,"minecraft:tropical_fish":5,"minecraft:iron_helmet":1,"minecraft:diamond_axe":1,"minecraft:saddle":8,"minecraft:emerald":4,"minecraft:oak_sapling":12,"minecraft:cod":137,"minecraft:coal":287,"minecraft:diamond_pickaxe":1,"minecraft:cobblestone":555,"minecraft:sunflower":2},"minecraft:custom":{"minecraft:interact_with_furnace":62,"minecraft:interact_with_anvil":4,"minecraft:mob_kills":48,"minecraft:interact_with_crafting_table":22,"minecraft:leave_game":6,"minecraft:time_since_death":58017,"minecraft:time_since_rest":58059,"minecraft:sprint_one_cm":869611,"minecraft:damage_taken":4716,"minecraft:walk_one_cm":829355,"minecraft:damage_blocked_by_shield":4718,"minecraft:drop":53,"minecraft:damage_dealt":8887,"minecraft:player_kills":2,"minecraft:swim_one_cm":106578,"minecraft:fly_one_cm":522694,"minecraft:open_chest":46,"minecraft:crouch_one_cm":10920,"minecraft:play_time":349126,"minecraft:sneak_time":5121,"minecraft:deaths":6,"minecraft:walk_under_water_one_cm":55274,"minecraft:jump":3892,"minecraft:walk_on_water_one_cm":45345,"minecraft:total_world_time":349126,"minecraft:fish_caught":238,"minecraft:fall_one_cm":80538},"minecraft:used":{"minecraft:oak_planks":3,"minecraft:shield":91,"minecraft:diamond_axe":39,"minecraft:cooked_salmon":10,"minecraft:oak_door":1,"minecraft:torch":211,"minecraft:anvil":1,"minecraft:crafting_table":1,"minecraft:diamond_pickaxe":352,"minecraft:iron_axe":91,"minecraft:iron_pickaxe":139,"minecraft:map":1,"minecraft:diamond_sword":109,"minecraft:fishing_rod":315,"minecraft:cobblestone":76,"minecraft:furnace":1,"minecraft:cooked_cod":82},"minecraft:killed_by":{"minecraft:player":2,"minecraft:cave_spider":1},"minecraft:dropped":{"minecraft:bowl":3,"minecraft:stone_shovel":1,"minecraft:cobblestone":15,"minecraft:feather":1,"minecraft:chicken":1,"minecraft:rotten_flesh":26,"minecraft:saddle":2,"minecraft:tropical_fish":5,"minecraft:salmon":4,"minecraft:stick":3,"minecraft:pufferfish":6,"minecraft:gunpowder":6,"minecraft:cooked_cod":40,"minecraft:leather_boots":2,"minecraft:cooked_salmon":7,"minecraft:oak_sapling":6,"minecraft:sunflower":1,"minecraft:potion":3,"minecraft:spider_eye":1,"minecraft:iron_pickaxe":1,"minecraft:string":5,"minecraft:fishing_rod":1,"minecraft:tripwire_hook":1,"minecraft:lily_pad":4,"minecraft:egg":2}},"DataVersion":3953}