{"stats":{"minecraft:broken":{"minecraft:shield":1},"minecraft:mined":{"minecraft:deepslate_redstone_ore":12,"minecraft:tuff":1,"minecraft:deepslate_diamond_ore":26,"minecraft:sculk_vein":13,"minecraft:glow_lichen":2,"minecraft:emerald_ore":2,"minecraft:grass_block":1,"minecraft:copper_ore":2,"minecraft:cobblestone":1,"minecraft:oak_planks":3,"minecraft:iron_ore":48,"minecraft:coal_ore":111,"minecraft:deepslate_iron_ore":14,"minecraft:cracked_stone_bricks":1,"minecraft:stone":85,"minecraft:deepslate":23},"minecraft:killed_by":{"minecraft:player":2},"minecraft:used":{"minecraft:oak_planks":3,"minecraft:shield":61,"minecraft:cooked_salmon":10,"minecraft:oak_door":1,"minecraft:torch":129,"minecraft:anvil":1,"minecraft:crafting_table":1,"minecraft:diamond_pickaxe":191,"minecraft:iron_axe":77,"minecraft:iron_pickaxe":139,"minecraft:map":1,"minecraft:fishing_rod":240,"minecraft:cobblestone":52,"minecraft:furnace":1,"minecraft:cooked_cod":32},"minecraft:custom":{"minecraft:interact_with_furnace":57,"minecraft:interact_with_anvil":3,"minecraft:mob_kills":28,"minecraft:interact_with_crafting_table":16,"minecraft:leave_game":4,"minecraft:time_since_death":205049,"minecraft:time_since_rest":205079,"minecraft:sprint_one_cm":421127,"minecraft:damage_taken":2815,"minecraft:walk_one_cm":451350,"minecraft:damage_blocked_by_shield":3062,"minecraft:drop":29,"minecraft:damage_dealt":5199,"minecraft:player_kills":2,"minecraft:swim_one_cm":95020,"minecraft:fly_one_cm":296679,"minecraft:open_chest":29,"minecraft:crouch_one_cm":9495,"minecraft:play_time":233751,"minecraft:sneak_time":4494,"minecraft:deaths":5,"minecraft:walk_under_water_one_cm":38351,"minecraft:jump":2472,"minecraft:walk_on_water_one_cm":28828,"minecraft:total_world_time":233751,"minecraft:fish_caught":181,"minecraft:fall_one_cm":52086},"minecraft:dropped":{"minecraft:bowl":2,"minecraft:cobblestone":15,"minecraft:feather":1,"minecraft:chicken":1,"minecraft:rotten_flesh":11,"minecraft:tropical_fish":1,"minecraft:salmon":4,"minecraft:pufferfish":6,"minecraft:gunpowder":2,"minecraft:leather_boots":2,"minecraft:cooked_salmon":7,"minecraft:oak_sapling":6,"minecraft:potion":1,"minecraft:iron_pickaxe":1,"minecraft:lily_pad":4,"minecraft:egg":2},"minecraft:crafted":{"minecraft:oak_door":3,"minecraft:cooked_cod":89,"minecraft:crafting_table":1,"minecraft:iron_helmet":1,"minecraft:furnace":1,"minecraft:cooked_salmon":12,"minecraft:air":0,"minecraft:iron_boots":1,"minecraft:iron_chestplate":1,"minecraft:diamond_pickaxe":1,"minecraft:shield":1,"minecraft:iron_axe":1,"minecraft:stick":16,"minecraft:iron_ingot":60,"minecraft:iron_pickaxe":1,"minecraft:iron_block":3,"minecraft:iron_leggings":1,"minecraft:anvil":1,"minecraft:torch":44},"minecraft:picked_up":{"minecraft:nautilus_shell":1,"minecraft:fishing_rod":5,"minecraft:feather":1,"minecraft:chicken":1,"minecraft:salmon":57,"minecraft:potion":1,"minecraft:enchanted_book":5,"minecraft:lily_pad":4,"minecraft:shield":2,"minecraft:gunpowder":4,"minecraft:dirt":1,"minecraft:string":5,"minecraft:iron_axe":1,"minecraft:cooked_salmon":4,"minecraft:name_tag":1,"minecraft:leather_boots":2,"minecraft:pufferfish":32,"minecraft:bone":10,"minecraft:bow":6,"minecraft:cobbled_deepslate":20,"minecraft:iron_ingot":26,"minecraft:iron_pickaxe":1,"minecraft:oak_planks":85,"minecraft:egg":2,"minecraft:stick":1,"minecraft:raw_iron":62,"minecraft:torch":165,"minecraft:bowl":2,"minecraft:porkchop":6,"minecraft:redstone":51,"minecraft:spider_eye":1,"minecraft:arrow":11,"minecraft:rotten_flesh":12,"minecraft:cooked_cod":18,"minecraft:diamond":27,"minecraft:tropical_fish":4,"minecraft:emerald":2,"minecraft:saddle":3,"minecraft:oak_sapling":12,"minecraft:cod":100,"minecraft:coal":144,"minecraft:cobblestone":336},"minecraft:killed":{"minecraft:pig":4,"minecraft:zombie_villager":1,"minecraft:spider":3,"minecraft:creeper":1,"minecraft:skeleton":5,"minecraft:zombie":11,"minecraft:chicken":1,"minecraft:drowned":1}},"DataVersion":3953}