{"stats":{"minecraft:broken":{"minecraft:iron_sword":1},"minecraft:mined":{"minecraft:deepslate_redstone_ore":2,"minecraft:tuff":1,"minecraft:deepslate_diamond_ore":3,"minecraft:birch_log":12,"minecraft:sculk_vein":5,"minecraft:crafting_table":1,"minecraft:coal_ore":13,"minecraft:grass_block":1,"minecraft:oak_log":45,"minecraft:sculk_sensor":2,"minecraft:stone":4,"minecraft:sculk":453,"minecraft:deepslate":20,"minecraft:oak_leaves":15},"minecraft:killed_by":{"minecraft:zombie_villager":2,"minecraft:player":1,"minecraft:skeleton":3,"minecraft:zombie":2},"minecraft:used":{"minecraft:oak_log":1,"minecraft:stone_pickaxe":33,"minecraft:iron_pickaxe":26,"minecraft:iron_sword":3,"minecraft:cooked_salmon":6,"minecraft:torch":1,"minecraft:rotten_flesh":2,"minecraft:salmon":4,"minecraft:stone_axe":35,"minecraft:crafting_table":1,"minecraft:tuff":1},"minecraft:custom":{"minecraft:time_since_rest":14330,"minecraft:interact_with_furnace":2,"minecraft:sprint_one_cm":120673,"minecraft:damage_taken":2701,"minecraft:walk_one_cm":171100,"minecraft:mob_kills":4,"minecraft:drop":23,"minecraft:damage_dealt":1440,"minecraft:swim_one_cm":240,"minecraft:player_kills":2,"minecraft:interact_with_crafting_table":2,"minecraft:fly_one_cm":204934,"minecraft:open_chest":3,"minecraft:crouch_one_cm":531,"minecraft:play_time":49919,"minecraft:deaths":9,"minecraft:sneak_time":181,"minecraft:walk_under_water_one_cm":5603,"minecraft:jump":1259,"minecraft:leave_game":1,"minecraft:time_since_death":14303,"minecraft:walk_on_water_one_cm":11123,"minecraft:total_world_time":49919,"minecraft:fall_one_cm":46353},"minecraft:crafted":{"minecraft:oak_planks":176,"minecraft:crafting_table":1,"minecraft:iron_ingot":2,"minecraft:stone_pickaxe":1,"minecraft:stone_axe":1,"minecraft:air":0},"minecraft:dropped":{"minecraft:iron_ingot":2,"minecraft:torch":21},"minecraft:picked_up":{"minecraft:birch_log":36,"minecraft:stick":8,"minecraft:crafting_table":3,"minecraft:salmon":4,"minecraft:torch":22,"minecraft:tuff":1,"minecraft:oak_log":45,"minecraft:redstone":9,"minecraft:dirt":4,"minecraft:cooked_salmon":11,"minecraft:rotten_flesh":4,"minecraft:diamond":2,"minecraft:stone_axe":2,"minecraft:cobbled_deepslate":19,"minecraft:stone_pickaxe":2,"minecraft:iron_pickaxe":1,"minecraft:oak_sapling":6,"minecraft:oak_planks":517,"minecraft:coal":39,"minecraft:cobblestone":30},"minecraft:killed":{"minecraft:zombie":3,"minecraft:spider":1}},"DataVersion":3953}