{"stats":{"minecraft:mined":{"minecraft:white_bed":1,"minecraft:powder_snow":4,"minecraft:crafting_table":4,"minecraft:granite":4,"minecraft:short_grass":9,"minecraft:grass_block":3,"minecraft:cobblestone":1,"minecraft:tall_seagrass":2,"minecraft:furnace":1,"minecraft:birch_log":4,"minecraft:iron_ore":6,"minecraft:andesite":1,"minecraft:oak_log":18,"minecraft:coal_ore":6,"minecraft:sunflower":2,"minecraft:stone":114,"minecraft:oak_leaves":2},"minecraft:killed":{"minecraft:salmon":5,"minecraft:sheep":4,"minecraft:cow":1},"minecraft:crafted":{"minecraft:cooked_beef":1,"minecraft:wooden_sword":1,"minecraft:oak_planks":36,"minecraft:wooden_shovel":1,"minecraft:stone_shovel":2,"minecraft:crafting_table":2,"minecraft:wooden_pickaxe":2,"minecraft:iron_sword":1,"minecraft:furnace":2,"minecraft:cooked_salmon":4,"minecraft:birch_planks":16,"minecraft:stone_axe":2,"minecraft:cooked_mutton":5,"minecraft:shield":1,"minecraft:stick":28,"minecraft:iron_ingot":6,"minecraft:iron_pickaxe":1,"minecraft:stone_pickaxe":2,"minecraft:stone_sword":2,"minecraft:white_bed":1},"minecraft:picked_up":{"minecraft:birch_log":4,"minecraft:crafting_table":4,"minecraft:andesite":1,"minecraft:salmon":4,"minecraft:leather":2,"minecraft:oak_log":18,"minecraft:dirt":3,"minecraft:beef":1,"minecraft:furnace":1,"minecraft:raw_iron":6,"minecraft:white_bed":1,"minecraft:granite":4,"minecraft:gray_wool":1,"minecraft:oak_sapling":2,"minecraft:mutton":5,"minecraft:coal":6,"minecraft:white_wool":3,"minecraft:cobblestone":115,"minecraft:sunflower":2},"minecraft:custom":{"minecraft:interact_with_furnace":13,"minecraft:mob_kills":10,"minecraft:interact_with_crafting_table":22,"minecraft:leave_game":2,"minecraft:time_since_death":0,"minecraft:sleep_in_bed":1,"minecraft:time_since_rest":1197,"minecraft:sprint_one_cm":96901,"minecraft:damage_taken":1305,"minecraft:walk_one_cm":45203,"minecraft:drop":1,"minecraft:damage_dealt":583,"minecraft:swim_one_cm":49621,"minecraft:fly_one_cm":57367,"minecraft:crouch_one_cm":699,"minecraft:play_time":38044,"minecraft:deaths":5,"minecraft:sneak_time":227,"minecraft:walk_under_water_one_cm":8580,"minecraft:jump":722,"minecraft:walk_on_water_one_cm":12177,"minecraft:total_world_time":38044,"minecraft:fall_one_cm":22276},"minecraft:used":{"minecraft:cooked_mutton":3,"minecraft:stone_shovel":1,"minecraft:stone_pickaxe":73,"minecraft:wooden_pickaxe":60,"minecraft:wooden_shovel":1,"minecraft:dirt":2,"minecraft:crafting_table":5,"minecraft:white_bed":1,"minecraft:iron_pickaxe":8,"minecraft:stone_axe":16,"minecraft:cobblestone":37,"minecraft:furnace":2},"minecraft:killed_by":{"minecraft:skeleton":1,"minecraft:zombie":1},"minecraft:dropped":{"minecraft:stone_sword":1}},"DataVersion":3953}