{"stats":{"minecraft:mined":{"minecraft:white_bed":2,"minecraft:deepslate_diamond_ore":2,"minecraft:sculk_vein":6,"minecraft:granite":1,"minecraft:grass_block":137,"minecraft:hay_block":9,"minecraft:tall_seagrass":2,"minecraft:furnace":2,"minecraft:iron_ore":12,"minecraft:barrel":1,"minecraft:andesite":17,"minecraft:pumpkin":1,"minecraft:azure_bluet":21,"minecraft:bell":1,"minecraft:pointed_dripstone":10,"minecraft:dirt_path":4,"minecraft:rail":9,"minecraft:bamboo":4,"minecraft:stone":227,"minecraft:deepslate_redstone_ore":12,"minecraft:dandelion":5,"minecraft:crafting_table":5,"minecraft:torch":1,"minecraft:short_grass":106,"minecraft:emerald_ore":6,"minecraft:poppy":1,"minecraft:melon":6,"minecraft:chest":1,"minecraft:copper_ore":2,"minecraft:tall_grass":2,"minecraft:cobblestone":11,"minecraft:deepslate_gold_ore":1,"minecraft:lapis_ore":2,"minecraft:oak_planks":14,"minecraft:sculk":6,"minecraft:diorite":8,"minecraft:wall_torch":3,"minecraft:birch_log":7,"minecraft:birch_leaves":3,"minecraft:bee_nest":1,"minecraft:yellow_bed":1,"minecraft:oak_log":168,"minecraft:coal_ore":241,"minecraft:cocoa":1,"minecraft:gravel":28,"minecraft:dirt":94,"minecraft:dripstone_block":31,"minecraft:sand":66,"minecraft:oak_button":1,"minecraft:gold_ore":6,"minecraft:oak_leaves":15,"minecraft:deepslate":6,"minecraft:fern":2},"minecraft:broken":{"minecraft:iron_shovel":1,"minecraft:stone_pickaxe":1,"minecraft:shield":1,"minecraft:stone_axe":2,"minecraft:iron_pickaxe":1,"minecraft:fishing_rod":2,"minecraft:stone_shovel":1},"minecraft:killed":{"minecraft:armadillo":1,"minecraft:spider":13,"minecraft:skeleton":17,"minecraft:chicken":3,"minecraft:drowned":3,"minecraft:pig":12,"minecraft:creeper":2,"minecraft:sheep":6,"minecraft:zombie":37,"minecraft:enderman":1,"minecraft:cow":22},"minecraft:crafted":{"minecraft:oak_door":2,"minecraft:oak_planks":436,"minecraft:stone_shovel":2,"minecraft:oak_sign":14,"minecraft:barrel":3,"minecraft:fishing_rod":2,"minecraft:oak_pressure_plate":2,"minecraft:cooked_chicken":3,"minecraft:furnace":2,"minecraft:cooked_mutton":12,"minecraft:hopper":1,"minecraft:iron_boots":3,"minecraft:iron_axe":3,"minecraft:ladder":6,"minecraft:chest":4,"minecraft:oak_button":6,"minecraft:gray_bed":1,"minecraft:wheat":81,"minecraft:cooked_beef":33,"minecraft:oak_slab":12,"minecraft:wooden_shovel":1,"minecraft:cooked_porkchop":21,"minecraft:crafting_table":7,"minecraft:iron_helmet":3,"minecraft:cooked_salmon":8,"minecraft:bucket":3,"minecraft:stone_axe":2,"minecraft:bread":27,"minecraft:air":0,"minecraft:light_gray_bed":2,"minecraft:oak_boat":1,"minecraft:iron_chestplate":3,"minecraft:shield":2,"minecraft:stick":132,"minecraft:iron_ingot":12,"minecraft:iron_pickaxe":4,"minecraft:iron_shovel":2,"minecraft:iron_leggings":3,"minecraft:white_bed":2,"minecraft:torch":312,"minecraft:shears":2},"minecraft:picked_up":{"minecraft:fishing_rod":6,"minecraft:cocoa_beans":1,"minecraft:crafting_table":5,"minecraft:iron_chestplate":3,"minecraft:azure_bluet":70,"minecraft:chicken":15,"minecraft:shield":1,"minecraft:string":23,"minecraft:raw_copper":9,"minecraft:iron_axe":3,"minecraft:iron_leggings":3,"minecraft:pufferfish":8,"minecraft:cobbled_deepslate":8,"minecraft:bucket":2,"minecraft:beef":42,"minecraft:oak_boat":5,"minecraft:poppy":9,"minecraft:iron_pickaxe":3,"minecraft:light_gray_wool":14,"minecraft:melon_slice":124,"minecraft:chest":1,"minecraft:birch_sapling":2,"minecraft:furnace":2,"minecraft:iron_boots":11,"minecraft:egg":7,"minecraft:stick":38,"minecraft:raw_iron":60,"minecraft:oak_door":5,"minecraft:torch":95,"minecraft:bowl":1,"minecraft:porkchop":76,"minecraft:pointed_dripstone":41,"minecraft:diorite":5,"minecraft:redstone":54,"minecraft:arrow":22,"minecraft:stone_shovel":7,"minecraft:rotten_flesh":193,"minecraft:shears":7,"minecraft:hay_block":36,"minecraft:saddle":1,"minecraft:mutton":46,"minecraft:cod":300,"minecraft:rail":9,"minecraft:white_wool":42,"minecraft:cobblestone":316,"minecraft:birch_log":7,"minecraft:feather":3,"minecraft:cooked_beef":68,"minecraft:andesite":15,"minecraft:water_bucket":6,"minecraft:salmon":31,"minecraft:brown_wool":2,"minecraft:leather":64,"minecraft:flint":5,"minecraft:oak_log":481,"minecraft:lily_pad":6,"minecraft:yellow_bed":1,"minecraft:gunpowder":1,"minecraft:lapis_lazuli":11,"minecraft:dirt":565,"minecraft:leather_boots":5,"minecraft:bone":33,"minecraft:apple":3,"minecraft:bow":6,"minecraft:wheat_seeds":21,"minecraft:raw_gold":6,"minecraft:bell":1,"minecraft:iron_ingot":228,"minecraft:stone_pickaxe":10,"minecraft:cooked_chicken":5,"minecraft:bamboo":35,"minecraft:iron_sword":9,"minecraft:oak_planks":228,"minecraft:oak_slab":12,"minecraft:cooked_porkchop":61,"minecraft:pumpkin":1,"minecraft:dandelion":42,"minecraft:dripstone_block":30,"minecraft:gravel":22,"minecraft:sand":130,"minecraft:white_bed":2,"minecraft:spider_eye":8,"minecraft:barrel":6,"minecraft:diamond":2,"minecraft:stone_axe":9,"minecraft:iron_helmet":3,"minecraft:granite":1,"minecraft:gray_wool":3,"minecraft:emerald":7,"minecraft:bread":20,"minecraft:oak_button":1,"minecraft:oak_sapling":24,"minecraft:coal":362},"minecraft:custom":{"minecraft:mob_kills":123,"minecraft:interact_with_crafting_table":60,"minecraft:open_barrel":3,"minecraft:bell_ring":1,"minecraft:leave_game":15,"minecraft:time_since_death":39782,"minecraft:climb_one_cm":2389,"minecraft:sprint_one_cm":1330121,"minecraft:walk_one_cm":1354942,"minecraft:damage_blocked_by_shield":4191,"minecraft:drop":26,"minecraft:talked_to_villager":7,"minecraft:play_time":593041,"minecraft:sneak_time":10000,"minecraft:deaths":19,"minecraft:walk_under_water_one_cm":54941,"minecraft:boat_one_cm":44843,"minecraft:jump":6365,"minecraft:walk_on_water_one_cm":80983,"minecraft:total_world_time":593041,"minecraft:interact_with_furnace":29,"minecraft:sleep_in_bed":14,"minecraft:time_since_rest":38848,"minecraft:damage_taken":11045,"minecraft:damage_dealt":18982,"minecraft:swim_one_cm":104740,"minecraft:fly_one_cm":992698,"minecraft:open_chest":75,"minecraft:crouch_one_cm":21481,"minecraft:fish_caught":89,"minecraft:fall_one_cm":113696,"minecraft:horse_one_cm":6545},"minecraft:used":{"minecraft:iron_shovel":293,"minecraft:stone_shovel":234,"minecraft:ladder":4,"minecraft:oak_sign":9,"minecraft:chest":4,"minecraft:shield":70,"minecraft:iron_sword":149,"minecraft:cooked_salmon":3,"minecraft:cooked_chicken":4,"minecraft:wooden_shovel":2,"minecraft:rotten_flesh":8,"minecraft:iron_chestplate":1,"minecraft:oak_door":4,"minecraft:torch":216,"minecraft:dirt":214,"minecraft:hopper":1,"minecraft:lava_bucket":1,"minecraft:iron_axe":109,"minecraft:birch_sapling":1,"minecraft:iron_boots":2,"minecraft:barrel":3,"minecraft:bamboo":7,"minecraft:beef":1,"minecraft:oak_sapling":23,"minecraft:furnace":3,"minecraft:gray_bed":1,"minecraft:egg":1,"minecraft:cooked_beef":39,"minecraft:iron_leggings":1,"minecraft:light_gray_bed":2,"minecraft:cooked_mutton":1,"minecraft:water_bucket":25,"minecraft:stone_pickaxe":167,"minecraft:oak_planks":285,"minecraft:oak_slab":5,"minecraft:crafting_table":12,"minecraft:white_bed":4,"minecraft:oak_log":18,"minecraft:bread":29,"minecraft:oak_button":7,"minecraft:iron_pickaxe":444,"minecraft:oak_pressure_plate":2,"minecraft:gravel":15,"minecraft:stone_axe":287,"minecraft:fishing_rod":111,"minecraft:cobblestone":137,"minecraft:cooked_porkchop":21,"minecraft:bucket":28,"minecraft:yellow_bed":1,"minecraft:oak_boat":6},"minecraft:killed_by":{"minecraft:zombie_villager":1,"minecraft:player":1,"minecraft:creeper":3,"minecraft:bee":1,"minecraft:warden":1,"minecraft:skeleton":4,"minecraft:zombie":3},"minecraft:dropped":{"minecraft:cooked_porkchop":1,"minecraft:bone":1,"minecraft:dandelion":12,"minecraft:bowl":1,"minecraft:pointed_dripstone":1,"minecraft:rotten_flesh":68,"minecraft:poppy":67,"minecraft:wooden_shovel":1,"minecraft:arrow":3,"minecraft:wooden_pickaxe":1}},"DataVersion":3953}